{
  "results": [
    {
      "command": "conda create -n bench_w2 -c conda-forge -y python=3.13 pandas scikit-learn matplotlib jupyter",
      "mean": 10.65890135274,
      "stddev": 0.07086657238343301,
      "median": 10.623685461140001,
      "user": 9.180968140000001,
      "system": 1.1623103799999999,
      "min": 10.58721308414,
      "max": 10.73980015514,
      "times": [
        10.623685461140001,
        10.61348245214,
        10.73980015514,
        10.73032561114,
        10.58721308414
      ],
      "exit_codes": [
        0,
        0,
        0,
        0,
        0
      ]
    }
  ]
}
