{
  "results": [
    {
      "command": "conda install -n bench_big -c conda-forge -y --dry-run --no-deps tzdata",
      "mean": 15.0523761374,
      "stddev": 1.6518716942890284,
      "median": 14.5680112708,
      "user": 8.28056936,
      "system": 2.7743304199999996,
      "min": 12.8923327708,
      "max": 16.8248124788,
      "times": [
        16.6047458958,
        16.8248124788,
        12.8923327708,
        14.5680112708,
        14.3719782708
      ],
      "memory_usage_byte": [
        384696320,
        384696320,
        384696320,
        384696320,
        384696320
      ],
      "exit_codes": [
        0,
        0,
        0,
        0,
        0
      ]
    }
  ]
}
