{
  "results": [
    {
      "command": "conda install -n bench_big -c conda-forge -y --dry-run --no-deps tzdata",
      "mean": 17.3520953847,
      "stddev": 0.13360795805240677,
      "median": 17.3187835847,
      "user": 8.79014814,
      "system": 2.9926122799999995,
      "min": 17.2249871677,
      "max": 17.5729210427,
      "times": [
        17.2797631267,
        17.3640220017,
        17.3187835847,
        17.2249871677,
        17.5729210427
      ],
      "memory_usage_byte": [
        432340992,
        432340992,
        432340992,
        432340992,
        432340992
      ],
      "exit_codes": [
        0,
        0,
        0,
        0,
        0
      ]
    }
  ]
}
