{
  "results": [
    {
      "command": "conda install -n bench_big -c conda-forge -y --dry-run --no-deps tzdata",
      "mean": 15.163734894120001,
      "stddev": 2.248318804020177,
      "median": 14.95133461952,
      "user": 8.883623839999998,
      "system": 2.95049664,
      "min": 12.735477535520001,
      "max": 18.82765970252,
      "times": [
        18.82765970252,
        14.95133461952,
        15.05849966052,
        14.24570295252,
        12.735477535520001
      ],
      "memory_usage_byte": [
        431144960,
        431144960,
        431144960,
        431144960,
        431144960
      ],
      "exit_codes": [
        0,
        0,
        0,
        0,
        0
      ]
    }
  ]
}
