{
  "results": [
    {
      "command": "conda install -n bench_big -c conda-forge -y --dry-run --no-deps tzdata",
      "mean": 8.02884809128,
      "stddev": 0.05294260414262297,
      "median": 8.01210611288,
      "user": 7.614390819999999,
      "system": 0.2635336,
      "min": 7.97433873788,
      "max": 8.11241867588,
      "times": [
        8.00147303088,
        7.97433873788,
        8.04390389888,
        8.01210611288,
        8.11241867588
      ],
      "memory_usage_byte": [
        378224640,
        378224640,
        378224640,
        378224640,
        378224640
      ],
      "exit_codes": [
        0,
        0,
        0,
        0,
        0
      ]
    }
  ]
}
