{
  "results": [
    {
      "command": "conda install -n bench_big -c conda-forge -y --dry-run --no-deps tzdata",
      "mean": 36.43723235608,
      "stddev": 0.16418958134508413,
      "median": 36.48192945648,
      "user": 35.05914858,
      "system": 0.5530677199999999,
      "min": 36.17712008148,
      "max": 36.59038403948,
      "times": [
        36.17712008148,
        36.59038403948,
        36.54831045548,
        36.48192945648,
        36.38841774748
      ],
      "memory_usage_byte": [
        120569856,
        120569856,
        120569856,
        120569856,
        120569856
      ],
      "exit_codes": [
        0,
        0,
        0,
        0,
        0
      ]
    }
  ]
}
