{
  "results": [
    {
      "command": "conda create -n bench_w1 -c conda-forge -y python=3.13 requests",
      "mean": 3.32111059526,
      "stddev": 0.12907348858664502,
      "median": 3.26398239946,
      "user": 2.71299044,
      "system": 0.38039043999999994,
      "min": 3.19839997546,
      "max": 3.4881137394599997,
      "times": [
        3.22666736946,
        3.26398239946,
        3.19839997546,
        3.4881137394599997,
        3.42838949246
      ],
      "exit_codes": [
        0,
        0,
        0,
        0,
        0
      ]
    }
  ]
}
