{
  "results": [
    {
      "command": "pixi run conda install -n bench_big -c conda-forge -y --dry-run requests",
      "mean": 12.59725019744,
      "stddev": 0.06927808864160216,
      "median": 12.58136008644,
      "user": 11.2799136,
      "system": 0.8842920333333333,
      "min": 12.537297669440001,
      "max": 12.67309283644,
      "times": [
        12.67309283644,
        12.58136008644,
        12.537297669440001
      ],
      "memory_usage_byte": [
        154812416,
        154812416,
        154812416
      ],
      "exit_codes": [
        0,
        0,
        0
      ]
    }
  ]
}
