{
  "results": [
    {
      "command": "pixi run conda install -n bench_big -c conda-forge -y --dry-run requests",
      "mean": 1.75021113566,
      "stddev": 0.027629643998823283,
      "median": 1.76383953866,
      "user": 1.1215601666666666,
      "system": 0.35961387999999994,
      "min": 1.7184149966600002,
      "max": 1.7683788716600002,
      "times": [
        1.7683788716600002,
        1.7184149966600002,
        1.76383953866
      ],
      "memory_usage_byte": [
        101449728,
        101449728,
        101449728
      ],
      "exit_codes": [
        0,
        0,
        0
      ]
    }
  ]
}
