{
  "results": [
    {
      "command": "pixi run conda install -n bench_big -c conda-forge -y --dry-run requests",
      "mean": 4.707521630733333,
      "stddev": 0.010191067064197474,
      "median": 4.7056934644,
      "user": 3.77312184,
      "system": 0.5756959666666667,
      "min": 4.698368380400001,
      "max": 4.7185030474000005,
      "times": [
        4.7185030474000005,
        4.698368380400001,
        4.7056934644
      ],
      "memory_usage_byte": [
        125386752,
        125386752,
        125386752
      ],
      "exit_codes": [
        0,
        0,
        0
      ]
    }
  ]
}
