{
  "results": [
    {
      "command": "pixi run conda install -n bench_big -c conda-forge -y --dry-run requests",
      "mean": 1.9034116814133337,
      "stddev": 0.009306396317213564,
      "median": 1.90128608408,
      "user": 1.1673531466666665,
      "system": 0.38946075999999996,
      "min": 1.89535195908,
      "max": 1.91359700108,
      "times": [
        1.89535195908,
        1.91359700108,
        1.90128608408
      ],
      "memory_usage_byte": [
        119767040,
        119767040,
        119767040
      ],
      "exit_codes": [
        0,
        0,
        0
      ]
    }
  ]
}
