{
  "conda.core.prefix_data.PrefixData.load": {
    "call_count": 40,
    "samples_seconds": [
      1.9e-05,
      9.9e-05,
      2.4e-05,
      2.1e-05,
      8.7e-05,
      2e-05,
      1.4e-05,
      1e-05,
      1e-05,
      1e-05,
      9e-06,
      9e-06,
      9e-06,
      9e-06,
      9e-06,
      1e-05,
      1.1e-05,
      9e-06,
      1e-05,
      1e-05,
      1e-05,
      1e-05,
      9e-06,
      1e-05,
      1e-05,
      3.9e-05,
      1.4e-05,
      1.2e-05,
      1e-05,
      9e-06,
      1e-05,
      9e-06,
      9e-06,
      9e-06,
      9e-06,
      9e-06,
      0.022072,
      2.7e-05,
      0.000201,
      0.000231
    ],
    "total_seconds": 0.023126840591430664
  },
  "conda_libmamba_solver.index.LibMambaIndexHelper._load_repo_info_from_repodata_dict": {
    "call_count": 1,
    "samples_seconds": [
      0.155486
    ],
    "total_seconds": 0.1554858684539795
  },
  "conda_libmamba_solver.solver.LibMambaSolver._collect_all_metadata": {
    "call_count": 1,
    "samples_seconds": [
      1.409926
    ],
    "total_seconds": 1.409925937652588
  },
  "conda_libmamba_solver.solver.LibMambaSolver._solving_loop": {
    "call_count": 1,
    "samples_seconds": [
      0.288462
    ],
    "total_seconds": 0.28846216201782227
  },
  "download": {
    "call_count": 191,
    "samples_seconds": [
      0.484003,
      0.098783,
      0.022544,
      0.138278,
      0.092856,
      0.159939,
      0.015139,
      0.015945,
      0.001768,
      0.138256,
      0.011195,
      0.002512,
      0.003112,
      0.004462,
      0.043228,
      0.022075,
      0.023372,
      0.000325,
      0.005081,
      0.017634,
      0.024638,
      0.003622,
      0.004544,
      0.001078,
      0.00301,
      0.036274,
      0.000495,
      0.001831,
      4.7e-05,
      0.004851,
      0.029903,
      0.0159,
      0.016901,
      0.00153,
      0.002429,
      0.029076,
      0.00177,
      0.006348,
      0.005673,
      0.001495,
      0.028666,
      0.028377,
      0.003153,
      0.003433,
      0.002079,
      0.032583,
      0.033721,
      0.03392,
      0.002316,
      0.002572,
      0.029913,
      0.000946,
      0.001605,
      0.001502,
      0.0015,
      0.021066,
      0.002493,
      0.004223,
      0.005962,
      0.004201,
      0.0169,
      0.003053,
      0.006494,
      0.002629,
      0.000796,
      0.01174,
      0.003125,
      0.007065,
      0.000466,
      0.005153,
      0.007314,
      0.00396,
      0.010242,
      0.001264,
      0.002589,
      0.004371,
      0.005066,
      0.012458,
      0.004313,
      0.004601,
      0.0066,
      0.006564,
      0.014918,
      0.002782,
      0.000772,
      0.004851,
      0.001606,
      0.012217,
      0.003558,
      0.001498,
      0.001309,
      0.004224,
      0.015932,
      0.002298,
      0.006248,
      0.008632,
      0.008469,
      0.01986,
      0.000574,
      0.000651,
      0.003142,
      0.004492,
      0.017072,
      0.00485,
      0.004499,
      0.001852,
      0.000233,
      0.008421,
      0.012058,
      0.011591,
      0.001941,
      0.002873,
      0.006577,
      0.011475,
      0.002437,
      0.000621,
      0.002756,
      0.002639,
      0.014238,
      0.0076,
      0.007983,
      0.008305,
      0.003613,
      0.016824,
      0.002711,
      0.001295,
      0.001968,
      0.002186,
      0.012569,
      0.004763,
      0.006017,
      0.006097,
      0.007497,
      0.007832,
      0.008261,
      0.005449,
      0.003,
      0.00304,
      0.006586,
      0.008756,
      0.005289,
      0.006706,
      0.006914,
      0.005914,
      0.011971,
      0.00496,
      0.006001,
      0.006814,
      0.000913,
      0.009258,
      0.010094,
      0.009957,
      0.001981,
      0.000926,
      0.003449,
      0.009102,
      0.001647,
      0.00464,
      0.001808,
      0.004674,
      0.009196,
      0.002599,
      0.006148,
      0.00535,
      0.005572,
      0.007428,
      0.00757,
      0.016654,
      0.016684,
      0.016801,
      0.003351,
      0.003938,
      0.017896,
      0.01831,
      0.000679,
      0.00306,
      0.001239,
      0.015768,
      0.001963,
      0.000834,
      0.003322,
      0.018524,
      0.000419,
      0.0002,
      0.004189,
      0.020858,
      0.020799,
      0.021077,
      0.003444,
      0.012308,
      0.027101
    ],
    "total_seconds": 2.625730037689209
  },
  "fetch_extract_execute": {
    "call_count": 1,
    "samples_seconds": [
      10.191739
    ],
    "total_seconds": 10.191739082336426
  },
  "fetch_extract_prepare": {
    "call_count": 1,
    "samples_seconds": [
      0.007248
    ],
    "total_seconds": 0.0072481632232666016
  },
  "unlink_link_execute": {
    "call_count": 1,
    "samples_seconds": [
      18.806893
    ],
    "total_seconds": 18.80689311027527
  },
  "unlink_link_prepare_and_verify": {
    "call_count": 1,
    "samples_seconds": [
      3.097068
    ],
    "total_seconds": 3.0970675945281982
  }
}