{
  "results": [
    {
      "command": "conda install -n bench_big -c conda-forge -y --dry-run --no-deps tzdata",
      "mean": 19.41080490448,
      "stddev": 0.39997331037376815,
      "median": 19.30532782228,
      "user": 19.22869008,
      "system": 0.09357297999999999,
      "min": 18.88155584128,
      "max": 19.86910902528,
      "times": [
        19.30532782228,
        19.25094377228,
        19.74708806128,
        18.88155584128,
        19.86910902528
      ],
      "exit_codes": [
        0,
        0,
        0,
        0,
        0
      ]
    }
  ]
}
