{
  "results": [
    {
      "command": "conda create -n bench_w2 -c conda-forge -y python=3.13 pandas scikit-learn matplotlib jupyter",
      "mean": 26.6732593248,
      "stddev": 0.1756850353314565,
      "median": 26.665764658,
      "user": 9.3600365,
      "system": 13.63632426,
      "min": 26.4896107,
      "max": 26.959437825000002,
      "times": [
        26.665764658,
        26.4896107,
        26.959437825000002,
        26.585343950000002,
        26.666139491
      ],
      "memory_usage_byte": [
        243957760,
        243957760,
        243957760,
        243957760,
        243957760
      ],
      "exit_codes": [
        0,
        0,
        0,
        0,
        0
      ]
    }
  ]
}
