{
  "results": [
    {
      "command": "conda install -n bench_big -c conda-forge -y --dry-run --no-deps tzdata",
      "mean": 12.436967409000001,
      "stddev": 1.3695790947051003,
      "median": 11.6411825928,
      "user": 8.61236166,
      "system": 2.6654533799999998,
      "min": 11.2363473008,
      "max": 14.1373759258,
      "times": [
        11.6411825928,
        11.4684913838,
        11.2363473008,
        14.1373759258,
        13.701439841800001
      ],
      "memory_usage_byte": [
        382861312,
        382861312,
        382861312,
        382861312,
        382861312
      ],
      "exit_codes": [
        0,
        0,
        0,
        0,
        0
      ]
    }
  ]
}
