{
  "results": [
    {
      "command": "conda create -n bench_w1 -c conda-forge -y python=3.13 requests",
      "mean": 10.601273554280002,
      "stddev": 0.3526932845896111,
      "median": 10.61605591288,
      "user": 4.1226423599999995,
      "system": 4.33888548,
      "min": 10.21635332888,
      "max": 11.13059978788,
      "times": [
        10.61605591288,
        10.35385299588,
        10.68950574588,
        10.21635332888,
        11.13059978788
      ],
      "memory_usage_byte": [
        152780800,
        161513472,
        161513472,
        162643968,
        162643968
      ],
      "exit_codes": [
        0,
        0,
        0,
        0,
        0
      ]
    }
  ]
}
